id,branch
4,ECE
22,EEE
29,EEE
32,ECE
34,ECE
55,EEE
65,ECE
66,EEE
76,EEE
96,ECE
108,CSE
111,ECE
118,ECE
147,EEE
157,ECE
165,ECE
166,ECE
175,EEE
176,EEE
188,CSE
196,ECE
199,EEE
202,ECE
223,CSE
237,CSE
239,EEE
240,CSE
241,ECE
245,ECE
246,EEE
253,ECE
258,EEE
260,CSE
266,ECE
267,ECE
268,EEE
270,EEE
271,EEE
272,EEE
274,EEE
282,EEE
294,EEE
295,EEE
307,ECE
308,ECE
312,EEE
314,ECE
336,EEE
343,EEE
346,EEE
350,ECE
352,ECE
358,ECE
359,ECE
375,EEE
380,ECE
382,ECE
390,EEE
394,EEE
396,CSE
397,ECE
400,ECE
401,ECE
402,EEE
405,ECE
408,EEE
411,ECE
413,CSE
414,ECE
418,CSE
423,ECE
431,ECE
439,ECE
445,ECE
446,EEE
448,EEE
455,EEE
466,ECE
478,ECE
488,ECE
491,EEE
493,EEE
498,ECE
502,ECE
503,EEE
510,ECE
514,EEE
519,CSE
520,ECE
525,EEE
528,EEE
530,ECE
531,CSE
534,EEE
551,ECE
552,EEE
554,EEE
558,EEE
559,ECE
567,ECE
572,ECE
574,CSE
581,EEE
583,EEE
585,ECE
590,ECE
598,CSE
600,ECE
602,EEE
605,EEE
608,ECE
609,ECE
614,CSE
616,ECE
625,EEE
626,ECE
627,CSE
633,CSE
641,ECE
645,ECE
646,ECE
652,ECE
656,CSE
663,EEE
665,ECE
672,ECE
676,ECE
688,EEE
697,ECE
699,EEE
701,EEE
702,EEE
716,EEE
719,EEE
743,EEE
744,ECE
760,CSE
761,ECE
766,ECE
802,CSE
804,ECE
807,ECE
808,ECE
811,EEE
814,EEE
817,ECE
821,ECE
824,ECE
829,ECE
831,EEE
834,CSE
840,ECE
847,EEE
850,ECE
857,EEE
858,ECE
861,EEE
863,ECE
866,ECE
869,ECE
877,ECE
879,ECE
892,ECE
894,CSE
895,EEE
897,EEE
901,EEE
903,EEE
905,EEE
908,ECE
915,ECE
919,ECE
924,ECE
935,ECE
939,CSE
943,CSE
950,ECE
957,CSE
972,ECE
977,EEE
979,EEE
984,CSE
989,ECE
993,ECE
1000,ECE
1003,CSE
1006,ECE
1023,EEE
1024,EEE
1031,CSE
1033,ECE
1035,CSE
1039,EEE
1041,CSE
1060,EEE
1073,EEE
1074,EEE
1084,CSE
1092,CSE
1093,CSE
1094,CSE
1096,ECE
1097,ECE
1098,EEE
1099,EEE
1102,ECE
1104,CSE
1106,ECE
1108,CSE
1117,ECE
1120,ECE
1129,ECE
1134,CSE
1137,ECE
1144,ECE
1146,EEE
1150,CSE
1151,ECE
1167,EEE
1172,EEE
1181,ECE
1185,ECE
1188,CSE
1193,CSE
1194,EEE
1195,ECE
1200,EEE
1205,EEE
1208,ECE
1214,EEE
1215,EEE
1218,ECE
1223,EEE
1233,EEE
1236,CSE
1237,EEE
1249,EEE
1256,ECE
1257,EEE
1259,ECE
1263,EEE
1265,EEE
1269,ECE
1282,EEE
1285,EEE
1286,ECE
1289,CSE
1294,ECE
1296,EEE
1302,EEE
1308,CSE
1311,CSE
1313,ECE
1318,CSE
1323,ECE
1332,ECE
1334,CSE
1346,EEE
1349,ECE
1354,EEE
1357,EEE
1359,ECE
1360,ECE
1361,ECE
1368,EEE
1374,ECE
1375,ECE
1385,ECE
1387,ECE
1399,ECE
1411,ECE
1417,ECE
1418,ECE
1421,ECE
1422,ECE
1426,EEE
1428,ECE
1433,ECE
1441,ECE
1444,EEE
1450,EEE
1454,EEE
1460,EEE
1467,CSE
1469,EEE
1470,EEE
1476,EEE
1479,EEE
1480,EEE
1482,CSE
1484,ECE
1486,ECE
1491,EEE
1493,ECE
1494,ECE
1497,EEE
1507,ECE
1518,ECE
1519,CSE
1520,CSE
1523,ECE
1528,ECE
1542,ECE
1551,ECE
1557,EEE
1561,EEE
1571,EEE
1575,CSE
1576,CSE
1578,CSE
1579,CSE
1593,ECE
1598,ECE
1600,ECE
1603,ECE
1608,ECE
1618,EEE
1628,ECE
1630,ECE
1635,ECE
1647,EEE
1648,EEE
1651,CSE
1653,ECE
1661,EEE
1666,ECE
1668,ECE
1670,ECE
1671,EEE
1672,ECE
1681,ECE
1688,ECE
1692,EEE
1706,ECE
1713,ECE
1717,ECE
1725,EEE
1733,ECE
1753,ECE
1758,ECE
1760,EEE
1763,EEE
1769,ECE
1772,EEE
1773,CSE
1779,EEE
1780,EEE
1783,CSE
1784,ECE
1790,CSE
1791,CSE
1798,EEE
1803,EEE
1806,ECE
1809,ECE
1814,ECE
1816,ECE
1824,EEE
1828,EEE
1834,ECE
1841,ECE
1844,ECE
1856,ECE
1862,ECE
1863,EEE
1865,EEE
1867,ECE
1888,EEE
1893,CSE
1895,EEE
1898,CSE
1904,ECE
1906,ECE
1909,EEE
1911,EEE
1917,EEE
1930,CSE
1940,EEE
1941,ECE
1942,EEE
1944,ECE
1946,EEE
1953,EEE
1962,ECE
1965,EEE
1973,CSE
1977,ECE
1979,EEE
1986,EEE
1988,ECE
1995,ECE
2004,EEE
2005,ECE
2007,ECE
2008,EEE
2009,CSE
2010,CSE
2024,EEE
2025,ECE
2027,ECE
2028,ECE
2032,EEE
2034,EEE
2037,ECE
2038,ECE
2039,ECE
2044,ECE
2050,EEE
2051,EEE
2058,ECE
2070,EEE
2072,ECE
2073,ECE
2075,ECE
2084,EEE
2086,CSE
2095,EEE
2096,CSE
2097,ECE
2101,ECE
2118,ECE
2134,ECE
2137,ECE
2139,ECE
2146,ECE
2147,ECE
2158,ECE
2168,ECE
2169,ECE
2173,EEE
2176,ECE
2178,EEE
2183,CSE
2185,ECE
2191,ECE
2199,EEE
2203,ECE
2204,CSE
2207,ECE
2213,ECE
2214,CSE
2220,ECE
2224,EEE
2234,CSE
2235,ECE
2236,CSE
2249,EEE
2251,ECE
2254,EEE
2259,ECE
2264,CSE
2265,ECE
2269,CSE
2271,EEE
2272,EEE
2276,ECE
2282,ECE
2285,EEE
2292,ECE
2294,EEE
2296,ECE
2305,CSE
2307,EEE
2314,ECE
2324,EEE
2330,ECE
2367,EEE
2375,ECE
2381,CSE
2388,ECE
2389,EEE
2392,CSE
2399,EEE
2402,EEE
2406,EEE
2419,ECE
2428,EEE
2430,ECE
2432,CSE
2437,EEE
2439,EEE
2441,ECE
2442,EEE
2457,CSE
2461,ECE
2462,ECE
2464,ECE
2471,CSE
2477,ECE
2486,CSE
2500,EEE
2502,EEE
2504,EEE
2507,CSE
2516,CSE
2525,EEE
2526,ECE
2542,EEE
2548,CSE
2555,EEE
2556,CSE
2562,CSE
2579,ECE
2586,EEE
2587,EEE
2591,ECE
2599,CSE
2601,EEE
2603,EEE
2612,ECE
2623,ECE
2624,ECE
2626,ECE
2630,EEE
2631,ECE
2637,ECE
2640,ECE
2641,EEE
2642,ECE
2643,EEE
2645,EEE
2657,CSE
2661,ECE
2662,CSE
2674,EEE
2676,ECE
2678,EEE
2686,ECE
2702,EEE
2704,EEE
2707,EEE
2708,EEE
2709,EEE
2713,EEE
2715,ECE
2717,ECE
2718,ECE
2722,CSE
2725,CSE
2732,CSE
2737,ECE
2739,EEE
2741,EEE
2750,CSE
2756,CSE
2763,CSE
2773,CSE
2775,CSE
2778,EEE
2783,EEE
2797,ECE
2804,EEE
2808,EEE
2809,EEE
2810,ECE
2811,CSE
2813,ECE
2818,ECE
2826,EEE
2833,CSE
2845,EEE
2848,EEE
2854,ECE
2863,EEE
2867,EEE
2869,CSE
2872,ECE
2882,ECE
2883,ECE
2884,EEE
2887,CSE
2888,ECE
2889,ECE
2896,EEE
2904,ECE
2905,CSE
2918,EEE
2937,CSE
2940,ECE
2953,EEE
2956,EEE
2960,ECE
2962,CSE
2964,EEE
2972,ECE
2976,EEE
2977,ECE
3001,EEE
3004,CSE
3012,EEE
3019,ECE
3020,ECE
3031,ECE
3034,EEE
3035,EEE
3041,ECE
3043,EEE
3051,EEE
3054,EEE
3063,EEE
3069,EEE
3074,EEE
3087,CSE
3096,ECE
3120,CSE
3124,ECE
3127,EEE
3146,EEE
3147,CSE
3150,EEE
3157,EEE
3159,EEE
3164,CSE
3165,EEE
3167,ECE
3168,ECE
3175,CSE
3181,ECE
3182,ECE
3188,CSE
3197,CSE
3199,EEE
3206,EEE
3209,EEE
3213,EEE
3217,EEE
3221,ECE
3226,ECE
3241,ECE
3247,ECE
3249,ECE
3255,CSE
3277,ECE
3281,EEE
3282,EEE
3285,ECE
3289,ECE
3293,ECE
3296,EEE
3303,ECE
3306,CSE
3310,EEE
3315,CSE
3317,EEE
3320,CSE
3322,ECE
3328,EEE
3335,ECE
3337,EEE
3338,EEE
3353,ECE
3354,ECE
3355,ECE
3358,CSE
3363,ECE
3369,EEE
3370,EEE
3388,ECE
3392,EEE
3393,ECE
3397,ECE
3404,EEE
3410,EEE
3418,EEE
3421,CSE
3436,ECE
3438,ECE
3441,EEE
3447,EEE
3454,CSE
3463,EEE
3465,EEE
3466,EEE
3484,CSE
3485,EEE
3492,EEE
3494,ECE
3501,ECE
3502,ECE
3503,ECE
3511,EEE
3513,ECE
3518,EEE
3521,ECE
3527,ECE
3528,CSE
3532,EEE
3536,ECE
3542,ECE
3545,EEE
3546,EEE
3558,CSE
3565,ECE
3567,ECE
3570,ECE
3573,EEE
3581,EEE
3591,ECE
3593,EEE
3596,EEE
3598,EEE
3600,ECE
3609,ECE
3610,ECE
3611,EEE
3618,EEE
3622,ECE
3625,EEE
3627,ECE
3629,EEE
3630,EEE
3634,ECE
3635,EEE
3637,ECE
3644,ECE
3647,EEE
3648,CSE
3649,CSE
3652,EEE
3655,ECE
3656,EEE
3657,CSE
3663,CSE
3667,ECE
3672,EEE
3677,EEE
3685,EEE
3692,EEE
3694,CSE
3695,EEE
3701,ECE
3705,CSE
3713,EEE
3714,CSE
3718,CSE
3721,EEE
3740,EEE
3747,ECE
3748,EEE
3754,EEE
3772,ECE
3773,EEE
3780,EEE
3791,CSE
3793,EEE
3809,EEE
3819,ECE
3834,CSE
3838,CSE
3841,ECE
3843,ECE
3845,EEE
3855,ECE
3857,ECE
3861,ECE
3870,ECE
3874,ECE
3876,ECE
3877,EEE
3881,EEE
3882,ECE
3886,CSE
3892,EEE
3895,ECE
3900,EEE
3915,ECE
3921,ECE
3937,EEE
3940,ECE
3949,ECE
3952,ECE
3963,EEE
3966,EEE
3969,ECE
3971,EEE
3972,EEE
3986,CSE
3992,EEE
3997,ECE
4003,ECE
4011,EEE
4012,EEE
4014,CSE
4015,CSE
4023,CSE
4024,CSE
4026,CSE
4031,ECE
4042,ECE
4051,ECE
4054,CSE
4058,ECE
4060,CSE
4061,EEE
4064,CSE
4071,ECE
4074,ECE
4078,EEE
4093,ECE
4096,EEE
4117,ECE
4121,CSE
4127,ECE
4128,CSE
4133,ECE
4139,EEE
4140,EEE
4161,ECE
4175,CSE
4180,ECE
4186,ECE
4195,ECE
4201,EEE
4204,EEE
4219,CSE
4222,CSE
4225,EEE
4226,EEE
4232,ECE
4236,EEE
4241,ECE
4252,ECE
4256,EEE
4259,ECE
4272,EEE
4285,CSE
4288,CSE
4291,CSE
4292,ECE
4298,ECE
4299,CSE
4301,CSE
4303,CSE
4308,ECE
4314,CSE
4321,ECE
4331,EEE
4334,ECE
4338,EEE
4343,EEE
4346,ECE
4347,ECE
4352,CSE
4356,ECE
4357,ECE
4364,ECE
4368,ECE
4384,ECE
4388,EEE
4389,CSE
4391,EEE
4392,ECE
4396,CSE
4403,CSE
4405,ECE
4407,ECE
4417,CSE
4423,EEE
4425,EEE
4445,CSE
4446,ECE
4447,ECE
4448,EEE
4451,ECE
4452,EEE
4461,EEE
4463,EEE
4468,EEE
4480,EEE
4483,ECE
4485,ECE
4486,EEE
4496,CSE
4500,ECE
4501,CSE
4504,ECE
4510,EEE
4513,EEE
4515,ECE
4517,EEE
4529,CSE
4530,ECE
4532,ECE
4543,ECE
4556,ECE
4557,CSE
4560,ECE
4562,ECE
4566,EEE
4568,ECE
4582,ECE
4586,ECE
4589,ECE
4590,ECE
4592,ECE
4598,EEE
4603,EEE
4612,ECE
4620,EEE
4624,CSE
4631,EEE
4633,EEE
4636,ECE
4645,EEE
4648,CSE
4653,ECE
4660,EEE
4665,EEE
4676,ECE
4682,EEE
4686,EEE
4687,EEE
4698,ECE
4702,EEE
4705,CSE
4709,ECE
4712,ECE
4730,ECE
4735,EEE
4741,EEE
4744,EEE
4747,ECE
4751,CSE
4760,EEE
4761,EEE
4769,EEE
4772,ECE
4774,EEE
4781,EEE
4782,CSE
4789,EEE
4794,CSE
4796,ECE
4799,EEE
4800,EEE
4802,EEE
4811,ECE
4814,ECE
4820,CSE
4823,EEE
4824,ECE
4829,ECE
4835,CSE
4838,ECE
4847,ECE
4849,EEE
4857,EEE
4863,ECE
4865,ECE
4869,EEE
4870,EEE
4879,ECE
4881,CSE
4897,EEE
4899,ECE
4910,ECE
4913,EEE
4920,ECE
4921,EEE
4924,CSE
4932,ECE
4935,EEE
4936,ECE
4946,EEE
4952,ECE
4954,ECE
4959,ECE
4960,EEE
4964,ECE
4977,ECE
4985,ECE
4989,CSE
4991,CSE
4994,CSE
4995,ECE
4996,CSE
4998,ECE
5004,EEE
5013,EEE
5022,EEE
5024,ECE
5035,CSE
5037,ECE
5038,ECE
5041,EEE
5047,EEE
5055,ECE
5070,EEE
5074,EEE
5075,EEE
5079,ECE
5092,CSE
5095,ECE
5096,ECE
5099,EEE
5102,EEE
5104,ECE
5106,EEE
5110,ECE
5123,ECE
5126,EEE
5133,EEE
5134,ECE
5140,ECE
5144,ECE
5146,EEE
5156,CSE
5167,ECE
5173,ECE
5174,ECE
5176,CSE
5183,ECE
5188,CSE
5193,ECE
5201,ECE
5205,EEE
5211,CSE
5222,EEE
5233,EEE
5240,EEE
5244,EEE
5250,CSE
5258,ECE
5260,EEE
5265,CSE
5268,CSE
5271,EEE
5274,EEE
5277,CSE
5279,EEE
5283,ECE
5290,EEE
5299,EEE
5300,ECE
5304,ECE
5305,EEE
5310,CSE
5313,ECE
5315,ECE
5316,CSE
5318,CSE
5322,ECE
5323,CSE
5327,ECE
5330,ECE
5334,CSE
5338,EEE
5344,EEE
5346,ECE
5348,EEE
5353,ECE
5355,ECE
5357,ECE
5368,EEE
5371,ECE
5376,ECE
5377,ECE
5395,ECE
5396,EEE
5398,ECE
5404,EEE
5408,CSE
5419,CSE
5428,ECE
5430,CSE
5442,ECE
5443,ECE
5455,EEE
5477,EEE
5479,EEE
5482,ECE
5492,ECE
5503,EEE
5516,EEE
5518,ECE
5527,ECE
5530,CSE
5531,ECE
5534,EEE
5551,ECE
5552,ECE
5563,EEE
5570,ECE
5572,CSE
5573,ECE
5574,EEE
5579,ECE
5589,ECE
5592,EEE
5599,CSE
5604,ECE
5605,ECE
5610,ECE
5613,EEE
5622,CSE
5624,ECE
5626,ECE
5632,ECE
5642,ECE
5643,EEE
5661,ECE
5664,EEE
5665,EEE
5666,EEE
5681,CSE
5683,CSE
5684,ECE
5687,CSE
5689,EEE
5690,ECE
5691,ECE
5693,CSE
5697,CSE
5709,ECE
5713,ECE
5722,EEE
5724,ECE
5726,EEE
5728,EEE
5757,ECE
5761,EEE
5764,ECE
5766,EEE
5768,ECE
5779,EEE
5782,ECE
5783,CSE
5786,ECE
5797,EEE
5800,EEE
5809,EEE
5812,EEE
5825,EEE
5826,CSE
5833,EEE
5835,EEE
5839,EEE
5841,ECE
5846,CSE
5847,EEE
5848,EEE
5851,EEE
5853,EEE
5860,CSE
5861,ECE
5869,ECE
5876,EEE
5877,EEE
5879,ECE
5882,ECE
5893,EEE
5895,ECE
5897,ECE
5899,ECE
5912,ECE
5913,ECE
5916,EEE
5931,ECE
5942,EEE
5952,ECE
5968,EEE
5976,ECE
5994,ECE
6012,ECE
6024,ECE
6025,CSE
6030,ECE
6039,ECE
6040,ECE
6041,EEE
6047,EEE
6048,CSE
6053,ECE
6057,EEE
6060,EEE
6064,ECE
6069,ECE
6071,EEE
6075,EEE
6077,EEE
6085,CSE
6088,CSE
6097,CSE
6100,CSE
6104,ECE
6113,ECE
6114,EEE
6117,EEE
6121,CSE
6127,CSE
6133,CSE
6146,EEE
6149,EEE
6158,EEE
6165,ECE
6174,ECE
6176,EEE
6180,EEE
6183,EEE
6189,CSE
6198,ECE
6205,ECE
6210,EEE
6213,ECE
6224,ECE
6225,CSE
6233,ECE
6236,ECE
6242,EEE
6244,ECE
6247,ECE
6250,ECE
6258,EEE
6265,ECE
6281,EEE
6283,ECE
6294,EEE
6297,CSE
6300,CSE
6301,EEE
6303,ECE
6308,ECE
6311,ECE
6318,EEE
6321,ECE
6327,ECE
6335,ECE
6345,EEE
6351,ECE
6357,CSE
6363,ECE
6366,ECE
6368,ECE
6370,EEE
6372,ECE
6391,ECE
6396,ECE
6397,EEE
6404,EEE
6408,ECE
6414,ECE
6415,ECE
6422,ECE
6433,EEE
6438,ECE
6440,EEE
6445,ECE
6451,ECE
6454,CSE
6465,EEE
6468,EEE
6469,EEE
6473,EEE
6478,ECE
6480,ECE
6482,ECE
6498,EEE
6513,ECE
6516,EEE
6519,ECE
6520,CSE
6521,EEE
6525,ECE
6533,ECE
6536,CSE
6541,EEE
6543,CSE
6553,ECE
6555,EEE
6559,CSE
6562,EEE
6574,EEE
6576,ECE
6581,EEE
6582,CSE
6588,CSE
6594,EEE
6599,EEE
6604,EEE
6606,ECE
6614,EEE
6626,EEE
6627,ECE
6629,CSE
6633,CSE
6636,ECE
6643,CSE
6652,EEE
6656,ECE
6657,ECE
6658,EEE
6664,EEE
6667,EEE
6673,EEE
6677,EEE
6680,ECE
6688,ECE
6695,EEE
6702,CSE
6703,CSE
6705,CSE
6706,CSE
6715,ECE
6718,ECE
6720,EEE
6723,ECE
6739,EEE
6741,ECE
6742,ECE
6745,CSE
6753,ECE
6755,EEE
6762,EEE
6763,EEE
6783,CSE
6784,ECE
6789,ECE
6790,ECE
6795,ECE
6818,ECE
6819,EEE
6821,EEE
6830,CSE
6832,ECE
6833,CSE
6837,CSE
6841,CSE
6844,ECE
6847,ECE
6851,EEE
6855,EEE
6878,EEE
6881,ECE
6891,EEE
6892,EEE
6894,EEE
6898,ECE
6899,EEE
6901,EEE
6908,CSE
6913,CSE
6918,ECE
6919,EEE
6921,CSE
6924,EEE
6927,ECE
6931,ECE
6932,ECE
6936,EEE
6938,ECE
6939,CSE
6941,EEE
6946,CSE
6949,CSE
6950,ECE
6951,EEE
6957,ECE
6962,EEE
6968,ECE
6973,ECE
6977,ECE
6979,ECE
6980,EEE
6981,ECE
6987,CSE
6993,CSE
6997,ECE
7012,ECE
7024,EEE
7027,EEE
7029,EEE
7031,EEE
7037,ECE
7038,EEE
7039,ECE
7041,EEE
7046,CSE
7051,ECE
7052,ECE
7070,ECE
7076,CSE
7079,EEE
7083,CSE
7089,EEE
7091,ECE
7096,EEE
7104,EEE
7108,ECE
7119,ECE
7122,EEE
7126,EEE
7133,ECE
7137,EEE
7140,ECE
7146,EEE
7152,ECE
7155,ECE
7156,CSE
7157,EEE
7177,EEE
7185,EEE
7191,ECE
7192,EEE
7196,EEE
7199,EEE
7201,EEE
7203,ECE
7205,ECE
7208,EEE
7209,CSE
7214,CSE
7217,ECE
7219,ECE
7221,EEE
7226,EEE
7230,ECE
7233,EEE
7235,EEE
7236,ECE
7246,ECE
7252,ECE
7259,ECE
7269,ECE
7272,ECE
7278,ECE
7284,EEE
7286,ECE
7287,ECE
7291,EEE
7297,CSE
7320,EEE
7325,CSE
7337,EEE
7341,ECE
7354,ECE
7356,CSE
7359,ECE
7365,EEE
7371,ECE
7373,EEE
7374,ECE
7379,ECE
7380,ECE
7382,ECE
7388,ECE
7390,ECE
7395,CSE
7397,ECE
7409,EEE
7413,ECE
7427,EEE
7437,CSE
7449,ECE
7453,ECE
7455,CSE
7458,ECE
7459,EEE
7464,EEE
7473,ECE
7480,ECE
7485,EEE
7490,ECE
7497,CSE
7500,CSE
7503,EEE
7504,EEE
7505,EEE
7508,CSE
7509,ECE
7512,ECE
7523,ECE
7524,EEE
7531,ECE
7534,ECE
7540,EEE
7542,ECE
7548,ECE
7551,CSE
7565,CSE
7573,EEE
7578,EEE
7588,ECE
7592,CSE
7596,ECE
7597,CSE
7599,ECE
7601,ECE
7610,CSE
7622,EEE
7626,CSE
7627,CSE
7628,ECE
7632,EEE
7637,ECE
7651,ECE
7652,EEE
7680,ECE
7686,EEE
7695,CSE
7701,EEE
7702,CSE
7703,ECE
7708,EEE
7712,EEE
7717,EEE
7725,EEE
7726,ECE
7730,ECE
7731,ECE
7742,ECE
7749,EEE
7755,EEE
7767,EEE
7774,EEE
7777,EEE
7788,EEE
7789,ECE
7795,ECE
7796,ECE
7808,CSE
7810,CSE
7818,CSE
7820,CSE
7827,CSE
7831,CSE
7833,EEE
7835,ECE
7839,EEE
7841,EEE
7844,ECE
7847,EEE
7848,EEE
7852,ECE
7855,EEE
7857,EEE
7862,ECE
7866,ECE
7869,EEE
7876,ECE
7877,ECE
7880,ECE
7893,ECE
7905,ECE
7910,EEE
7932,CSE
7937,EEE
7938,CSE
7943,ECE
7957,ECE
7958,EEE
7971,ECE
7977,ECE
7983,EEE
7993,CSE
7996,ECE
7999,CSE
8013,CSE
8021,ECE
8028,CSE
8031,CSE
8035,ECE
8038,ECE
8043,ECE
8046,ECE
8069,ECE
8071,ECE
8075,ECE
8082,ECE
8087,ECE
8089,EEE
8093,ECE
8097,EEE
8098,EEE
8110,ECE
8114,ECE
8117,ECE
8119,CSE
8123,ECE
8125,ECE
8128,ECE
8135,EEE
8143,CSE
8144,ECE
8147,ECE
8148,ECE
8149,EEE
8156,EEE
8158,CSE
8160,ECE
8168,EEE
8169,EEE
8173,EEE
8183,EEE
8185,ECE
8192,ECE
8201,EEE
8206,EEE
8215,ECE
8221,EEE
8229,ECE
8231,EEE
8236,EEE
8240,EEE
8245,CSE
8250,ECE
8251,ECE
8254,EEE
8259,EEE
8268,ECE
8277,ECE
8292,EEE
8304,EEE
8305,EEE
8312,EEE
8321,ECE
8322,EEE
8324,ECE
8335,ECE
8337,ECE
8338,ECE
8341,ECE
8352,EEE
8357,ECE
8365,CSE
8367,EEE
8378,ECE
8383,CSE
8386,ECE
8391,EEE
8399,ECE
8408,EEE
8440,EEE
8444,ECE
8445,ECE
8450,EEE
8452,ECE
8453,ECE
8463,ECE
8476,ECE
8477,CSE
8479,ECE
8481,CSE
8483,ECE
8491,EEE
8493,ECE
8496,CSE
8498,EEE
8504,EEE
8507,EEE
8519,CSE
8521,ECE
8526,CSE
8527,EEE
8529,ECE
8535,CSE
8539,ECE
8545,EEE
8553,CSE
8566,ECE
8574,ECE
8576,EEE
8577,EEE
8587,EEE
8589,EEE
8593,EEE
8594,EEE
8596,EEE
8612,CSE
8618,ECE
8621,CSE
8622,ECE
8638,CSE
8649,EEE
8652,ECE
8655,CSE
8662,EEE
8669,EEE
8674,ECE
8676,ECE
8680,EEE
8681,ECE
8694,EEE
8700,ECE
8702,ECE
8703,ECE
8711,ECE
8715,ECE
8716,ECE
8718,CSE
8721,ECE
8723,ECE
8725,EEE
8728,ECE
8731,ECE
8735,CSE
8739,EEE
8747,ECE
8755,ECE
8756,EEE
8765,ECE
8770,CSE
8772,ECE
8782,EEE
8787,ECE
8793,EEE
8796,EEE
8800,EEE
8815,ECE
8835,ECE
8836,ECE
8850,ECE
8853,EEE
8855,EEE
8856,ECE
8857,CSE
8861,CSE
8865,ECE
8866,CSE
8910,ECE
8912,EEE
8916,ECE
8933,ECE
8943,ECE
8946,CSE
8949,CSE
8951,ECE
8952,CSE
8956,ECE
8958,EEE
8965,CSE
8968,ECE
8970,CSE
8972,ECE
8974,ECE
8977,ECE
8979,ECE
8981,EEE
8988,CSE
9002,ECE
9003,EEE
9007,ECE
9012,ECE
9018,EEE
9028,ECE
9031,ECE
9037,EEE
9040,ECE
9041,EEE
9047,EEE
9058,ECE
9061,CSE
9067,CSE
9073,CSE
9077,ECE
9086,EEE
9090,EEE
9094,ECE
9098,ECE
9107,ECE
9114,ECE
9123,ECE
9129,EEE
9135,CSE
9140,ECE
9143,ECE
9147,ECE
9155,EEE
9156,EEE
9163,EEE
9165,ECE
9167,EEE
9178,ECE
9183,EEE
9184,EEE
9186,EEE
9189,ECE
9194,EEE
9199,EEE
9205,ECE
9208,ECE
9214,EEE
9221,CSE
9227,ECE
9230,EEE
9233,EEE
9242,ECE
9246,ECE
9250,EEE
9251,ECE
9253,CSE
9257,ECE
9261,EEE
9263,CSE
9265,EEE
9267,ECE
9272,EEE
9273,EEE
9291,ECE
9293,ECE
9294,CSE
9300,ECE
9301,CSE
9304,CSE
9305,ECE
9311,EEE
9318,ECE
9320,ECE
9325,ECE
9328,CSE
9337,ECE
9340,ECE
9348,ECE
9353,CSE
9358,EEE
9361,ECE
9366,ECE
9373,EEE
9375,EEE
9387,EEE
9389,EEE
9399,ECE
9405,ECE
9412,ECE
9421,EEE
9422,EEE
9434,CSE
9445,EEE
9450,ECE
9454,CSE
9456,ECE
9460,CSE
9468,EEE
9471,EEE
9477,ECE
9479,EEE
9482,ECE
9484,EEE
9490,EEE
9496,EEE
9497,ECE
9503,ECE
9504,ECE
9508,EEE
9516,ECE
9520,CSE
9540,ECE
9553,ECE
9554,EEE
9560,ECE
9566,EEE
9569,EEE
9572,ECE
9590,EEE
9593,EEE
9598,ECE
9606,EEE
9608,EEE
9613,ECE
9614,ECE
9625,CSE
9627,ECE
9633,CSE
9634,ECE
9636,ECE
9638,CSE
9642,ECE
9649,ECE
9652,CSE
9653,ECE
9657,CSE
9662,ECE
9685,ECE
9686,ECE
9687,ECE
9692,ECE
9702,EEE
9722,EEE
9735,ECE
9739,ECE
9740,EEE
9743,EEE
9750,ECE
9752,EEE
9753,ECE
9757,ECE
9758,EEE
9764,EEE
9766,CSE
9768,ECE
9771,ECE
9781,CSE
9782,ECE
9789,EEE
9803,ECE
9807,EEE
9809,EEE
9812,CSE
9820,EEE
9825,EEE
9826,ECE
9829,CSE
9835,ECE
9856,ECE
9861,ECE
9863,ECE
9866,ECE
9868,ECE
9872,CSE
9885,EEE
9889,CSE
9892,CSE
9893,EEE
9902,EEE
9903,ECE
9904,CSE
9907,CSE
9912,EEE
9928,EEE
9929,ECE
9938,ECE
9947,CSE
9952,ECE
9953,CSE
9958,ECE
9960,CSE
9961,EEE
9966,CSE
9980,EEE
9985,ECE
9991,EEE
9998,CSE
10000,EEE
10004,CSE
10006,ECE
10008,ECE
10017,CSE
10019,EEE
10021,CSE
10022,CSE
10023,ECE
10024,EEE
10025,EEE
10026,EEE
10031,EEE
10032,EEE
10038,CSE
10039,EEE
10046,CSE
10047,ECE
10050,EEE
10051,ECE
10058,EEE
10059,EEE
10062,CSE
10067,EEE
10071,EEE
10072,EEE
10076,EEE
10093,EEE
10099,ECE
10100,EEE
10121,ECE
10123,CSE
10128,ECE
10130,EEE
10139,CSE
10140,ECE
10144,ECE
10148,ECE
10150,EEE
10155,ECE
10158,EEE
10159,EEE
10162,ECE
10164,EEE
10168,ECE
10169,EEE
10174,EEE
10181,ECE
10182,EEE
10195,ECE
10199,ECE
10211,CSE
10212,EEE
10215,ECE
10226,EEE
10229,ECE
10230,EEE
10232,CSE
10234,CSE
10235,EEE
10236,EEE
10243,ECE
10248,EEE
10254,CSE
10255,CSE
10260,EEE
10266,CSE
10271,ECE
10274,ECE
10277,EEE
10279,EEE
10281,ECE
10283,ECE
10287,EEE
10288,ECE
10298,ECE
10313,ECE
10318,EEE
10340,CSE
10341,EEE
10343,ECE
10345,EEE
10350,EEE
10354,EEE
10360,CSE
10362,EEE
10364,EEE
10365,EEE
10370,EEE
10371,ECE
10376,ECE
10377,EEE
10378,CSE
10386,ECE
10395,EEE
10396,EEE
10398,ECE
10400,EEE
10404,ECE
10406,EEE
10417,CSE
10418,CSE
10419,CSE
10423,ECE
10428,ECE
10437,ECE
10442,CSE
10445,ECE
10447,ECE
10451,ECE
10457,ECE
10460,ECE
10468,CSE
10469,CSE
10470,EEE
10472,EEE
10475,EEE
10478,EEE
10480,CSE
10481,ECE
10483,EEE
10484,CSE
10491,ECE
10492,ECE
10499,ECE
10510,EEE
10516,CSE
10517,ECE
10530,ECE
10531,ECE
10534,EEE
10542,CSE
10546,ECE
10557,EEE
10560,ECE
10561,ECE
10562,EEE
10569,ECE
10577,EEE
10581,CSE
10586,EEE
10589,EEE
10605,CSE
10619,ECE
10620,ECE
10622,EEE
10627,ECE
10628,EEE
10629,ECE
10646,ECE
10647,ECE
10650,ECE
10657,EEE
10662,ECE
10672,EEE
10673,ECE
10676,CSE
10678,CSE
10682,CSE
10687,CSE
10697,EEE
10701,ECE
10702,ECE
10708,EEE
10709,EEE
10710,EEE
10726,ECE
10731,EEE
10734,CSE
10739,ECE
10741,EEE
10748,EEE
10751,CSE
10753,ECE
10755,ECE
10756,EEE
10761,ECE
10762,ECE
10767,EEE
10770,ECE
10783,ECE
10789,ECE
10790,ECE
10792,EEE
10801,EEE
10803,EEE
10809,EEE
10811,ECE
10814,ECE
10816,CSE
10823,CSE
10825,ECE
10826,EEE
10827,CSE
10829,CSE
10842,EEE
10844,EEE
10864,CSE
10866,CSE
10867,CSE
10878,EEE
10880,EEE
10885,EEE
10887,EEE
10891,EEE
10898,EEE
10901,ECE
10909,ECE
10910,EEE
10911,ECE
10914,ECE
10928,ECE
10931,ECE
10939,ECE
10941,EEE
10942,EEE
10944,ECE
10945,ECE
10946,EEE
10960,EEE
10962,EEE
10973,ECE
10974,EEE
10980,ECE
10981,EEE
10982,CSE
10986,CSE
10990,ECE
10991,CSE
11001,ECE
11005,EEE
11006,ECE
11008,ECE
11010,EEE
11015,ECE
11016,ECE
11017,ECE
11021,ECE
11023,EEE
11034,ECE
11036,EEE
11041,EEE
11043,EEE
11051,EEE
11052,ECE
11055,EEE
11057,EEE
11058,EEE
11060,CSE
11062,EEE
11070,ECE
11081,EEE
11098,CSE
11100,EEE
11102,ECE
11103,ECE
11110,EEE
11113,EEE
11114,EEE
11115,EEE
11118,ECE
11122,EEE
11128,ECE
11136,CSE
11141,CSE
11144,EEE
11150,EEE
11152,CSE
11156,CSE
11162,ECE
11163,EEE
11167,ECE
11174,EEE
11181,EEE
11187,EEE
11190,ECE
11195,ECE
11197,ECE
11202,EEE
11203,EEE
11212,EEE
11222,ECE
11250,ECE
11254,ECE
11258,EEE
11261,ECE
11264,CSE
11266,ECE
11267,EEE
11269,EEE
11281,ECE
11287,EEE
11291,CSE
11294,ECE
11299,EEE
11302,EEE
11307,ECE
11315,ECE
11323,CSE
11328,CSE
11333,ECE
11336,ECE
11341,ECE
11348,EEE
11352,ECE
11353,EEE
11356,ECE
11365,ECE
11368,EEE
11381,CSE
11386,ECE
11389,EEE
11390,EEE
11394,EEE
11396,EEE
11399,EEE
11402,EEE
11418,ECE
11420,EEE
11421,ECE
11424,EEE
11431,ECE
11435,EEE
11437,EEE
11443,ECE
11447,CSE
11449,CSE
11453,EEE
11454,ECE
11461,ECE
11463,EEE
11467,EEE
11476,CSE
11480,EEE
11482,ECE
11483,EEE
11495,EEE
11498,ECE
11504,EEE
11508,EEE
11509,EEE
11515,CSE
11517,EEE
11525,EEE
11527,ECE
11534,ECE
11539,ECE
11545,EEE
11546,EEE
11558,EEE
11567,EEE
11571,ECE
11586,ECE
11587,EEE
11590,EEE
11591,EEE
11597,CSE
11601,EEE
11606,EEE
11611,ECE
11621,CSE
11622,CSE
11625,CSE
11627,ECE
11629,CSE
11634,ECE
11637,CSE
11650,CSE
11662,EEE
11666,EEE
11667,ECE
11675,EEE
11677,EEE
11679,EEE
11681,EEE
11682,EEE
11688,ECE
11693,ECE
11697,EEE
11701,ECE
11718,EEE
11719,EEE
11720,ECE
11722,ECE
11724,CSE
11725,EEE
11730,EEE
11731,EEE
11733,CSE
11736,EEE
11741,EEE
11743,EEE
11747,CSE
11748,ECE
11761,ECE
11764,ECE
11778,ECE
11783,EEE
11803,ECE
11808,EEE
11809,ECE
11814,ECE
11824,EEE
11829,ECE
11841,EEE
11843,CSE
11847,EEE
11850,ECE
11852,ECE
11856,CSE
11860,ECE
11863,EEE
11886,ECE
11887,ECE
11889,ECE
11897,ECE
11903,ECE
11906,EEE
11913,ECE
11934,EEE
11935,EEE
11937,CSE
11938,ECE
11943,ECE
11949,EEE
11950,EEE
11951,ECE
11959,EEE
11961,EEE
11969,EEE
11971,ECE
11978,ECE
11980,CSE
11981,CSE
11983,ECE
11994,ECE
12002,CSE
12013,EEE
12014,EEE
12017,EEE
12018,ECE
12021,EEE
12028,EEE
12045,ECE
12051,CSE
12055,EEE
12067,ECE
12069,EEE
12072,ECE
12074,ECE
12077,ECE
12079,ECE
12081,ECE
12086,EEE
12097,ECE
12098,EEE
12102,EEE
12108,EEE
12110,EEE
12120,EEE
12130,ECE
12137,ECE
12143,EEE
12149,ECE
12153,EEE
12155,ECE
12160,ECE
12163,EEE
12165,EEE
12169,ECE
12193,EEE
12196,ECE
12201,EEE
12207,EEE
12210,ECE
12211,CSE
12214,ECE
12228,EEE
12233,ECE
12236,CSE
12237,EEE
12239,EEE
12243,ECE
12247,ECE
12249,ECE
12252,EEE
12256,ECE
12258,CSE
12263,EEE
12266,EEE
12287,ECE
12289,ECE
12291,EEE
12292,ECE
12293,EEE
12295,ECE
12297,EEE
12299,EEE
12300,ECE
12304,EEE
12306,CSE
12310,ECE
12315,ECE
12325,ECE
12329,CSE
12338,ECE
12341,ECE
12355,EEE
12361,EEE
12369,ECE
12373,CSE
12380,CSE
12387,EEE
12397,EEE
12400,ECE
12401,EEE
12413,CSE
12417,EEE
12421,EEE
12427,EEE
12430,CSE
12434,ECE
12439,EEE
12443,CSE
12452,EEE
12458,ECE
12465,CSE
12470,ECE
12472,ECE
12474,EEE
12480,ECE
12488,ECE
12490,EEE
12500,ECE
12507,ECE
12508,EEE
12517,ECE
12519,EEE
12521,EEE
12528,ECE
12529,ECE
12530,ECE
12541,ECE
12544,ECE
12546,ECE
12548,ECE
12551,EEE
12553,ECE
12555,EEE
12556,ECE
12557,ECE
12559,EEE
12567,EEE
12586,ECE
12587,CSE
12588,CSE
12594,EEE
12597,EEE
12599,ECE
12605,EEE
12610,ECE
12613,EEE
12623,EEE
12627,CSE
12633,CSE
12638,EEE
12639,EEE
12640,EEE
12649,CSE
12658,CSE
12659,CSE
12663,CSE
12665,ECE
12669,ECE
12678,ECE
12682,EEE
12684,ECE
12685,ECE
12691,CSE
12700,EEE
12702,ECE
12707,ECE
12713,ECE
12718,ECE
12728,EEE
12730,ECE
12744,EEE
12745,ECE
12752,CSE
12753,CSE
12755,ECE
12757,EEE
12763,ECE
12767,ECE
12770,ECE
12786,CSE
12788,ECE
12797,ECE
12800,ECE
12801,ECE
12810,EEE
12811,ECE
12818,ECE
12821,ECE
12823,ECE
12845,ECE
12849,EEE
12851,ECE
12853,ECE
12855,ECE
12856,ECE
12865,EEE
12868,EEE
12870,EEE
12871,CSE
12873,ECE
12882,EEE
12888,EEE
12892,ECE
12896,CSE
12905,ECE
12907,ECE
12913,ECE
12926,EEE
12929,ECE
12937,ECE
12938,EEE
12944,ECE
12946,ECE
12948,EEE
12959,ECE
12965,EEE
12974,EEE
12982,CSE
12985,CSE
12988,EEE
12989,EEE
13000,ECE
13009,CSE
13015,EEE
13024,CSE
13026,ECE
13029,CSE
13030,CSE
13032,EEE
13035,EEE
13042,ECE
13057,ECE
13068,EEE
13069,ECE
13070,CSE
13082,EEE
13084,ECE
13088,CSE
13089,EEE
13093,CSE
13098,ECE
13099,EEE
13101,CSE
13103,ECE
13104,ECE
13107,ECE
13115,ECE
13128,EEE
13131,EEE
13136,CSE
13138,EEE
13142,ECE
13146,CSE
13148,ECE
13153,EEE
13154,EEE
13158,ECE
13161,EEE
13178,ECE
13182,CSE
13183,ECE
13187,EEE
13200,EEE
13201,EEE
13207,ECE
13210,ECE
13218,ECE
13220,EEE
13222,CSE
13227,CSE
13228,EEE
13231,ECE
13233,ECE
13237,EEE
13240,EEE
13248,ECE
13249,CSE
13258,EEE
13263,ECE
13266,EEE
13277,EEE
13281,ECE
13284,EEE
13292,ECE
13293,EEE
13295,ECE
13307,ECE
13312,EEE
13319,ECE
13325,CSE
13327,EEE
13332,ECE
13334,EEE
13338,ECE
13339,EEE
13340,EEE
13346,CSE
13347,CSE
13356,CSE
13359,EEE
13369,ECE
13373,CSE
13375,CSE
13379,ECE
13380,ECE
13384,CSE
13385,EEE
13386,ECE
13391,CSE
13392,EEE
13394,CSE
13396,EEE
13397,ECE
13409,EEE
13411,ECE
13412,CSE
13418,EEE
13422,EEE
13425,EEE
13428,CSE
13435,EEE
13436,ECE
13442,ECE
13445,ECE
13451,EEE
13461,CSE
13463,ECE
13464,EEE
13467,EEE
13470,ECE
13471,CSE
13474,ECE
13478,CSE
13483,ECE
13487,EEE
13488,EEE
13489,CSE
13491,EEE
13496,EEE
13501,CSE
13503,ECE
13504,ECE
13510,ECE
13511,EEE
13519,CSE
13526,ECE
13527,EEE
13534,CSE
13536,CSE
13538,CSE
13541,ECE
13543,EEE
13547,ECE
13563,EEE
13574,ECE
13577,EEE
13578,EEE
13579,EEE
13581,ECE
13587,EEE
13589,ECE
13593,EEE
13616,ECE
13617,EEE
13619,ECE
13623,ECE
13625,EEE
13633,EEE
13635,EEE
13644,EEE
13648,ECE
13650,EEE
13657,EEE
13658,EEE
13667,CSE
13675,EEE
13684,ECE
13689,ECE
13694,EEE
13708,ECE
13721,EEE
13723,ECE
13738,CSE
13744,EEE
13745,ECE
13756,EEE
13761,CSE
13766,ECE
13769,CSE
13773,EEE
13774,EEE
13777,EEE
13790,CSE
13805,EEE
13810,EEE
13830,CSE
13835,CSE
13838,EEE
13839,CSE
13842,ECE
13843,CSE
13855,ECE
13856,EEE
13860,EEE
13861,ECE
13864,CSE
13865,ECE
13875,CSE
13877,EEE
13888,EEE
13891,EEE
13898,EEE
13899,ECE
13901,ECE
13907,ECE
13908,ECE
13920,CSE
13923,ECE
13929,EEE
13939,CSE
13942,ECE
13956,EEE
13959,ECE
13962,ECE
13963,CSE
13964,ECE
13966,EEE
13972,EEE
13978,ECE
13982,EEE
13988,EEE
13998,EEE
14001,ECE
14002,EEE
14006,ECE
14018,CSE
14021,ECE
14028,ECE
14032,EEE
14040,EEE
14047,ECE
14050,EEE
14053,EEE
14057,EEE
14061,ECE
14063,ECE
14065,CSE
14066,CSE
14069,ECE
14073,EEE
14082,EEE
14086,EEE
14088,EEE
14091,CSE
14092,ECE
14093,ECE
14098,ECE
14100,ECE
14102,ECE
14106,CSE
14109,EEE
14110,ECE
14112,EEE
14114,EEE
14116,EEE
14121,EEE
14124,EEE
14129,EEE
14134,ECE
14135,CSE
14140,CSE
14142,ECE
14145,EEE
14148,ECE
14150,ECE
14154,EEE
14159,EEE
14173,EEE
14181,EEE
14182,EEE
14193,CSE
14194,EEE
14207,ECE
14208,EEE
14210,ECE
14221,ECE
14233,ECE
14235,EEE
14255,CSE
14259,EEE
14260,CSE
14263,ECE
14264,ECE
14266,EEE
14269,ECE
14270,ECE
14290,EEE
14293,EEE
14300,EEE
14310,CSE
14311,ECE
14314,ECE
14315,CSE
14324,ECE
14325,EEE
14326,ECE
14335,ECE
14360,ECE
14364,ECE
14366,EEE
14371,EEE
14372,ECE
14374,ECE
14378,EEE
14380,CSE
14385,EEE
14392,EEE
14397,EEE
14398,CSE
14400,ECE
14401,ECE
14404,CSE
14405,EEE
14410,ECE
14416,CSE
14429,CSE
14434,ECE
14439,ECE
14444,ECE
14446,EEE
14455,CSE
14456,CSE
14460,ECE
14470,ECE
14471,ECE
14473,EEE
14485,ECE
14490,ECE
14503,EEE
14504,ECE
14506,ECE
14507,CSE
14516,ECE
14518,EEE
14521,ECE
14524,ECE
14526,ECE
14527,EEE
14533,ECE
14535,ECE
14536,ECE
14539,ECE
14542,CSE
14548,CSE
14554,EEE
14558,ECE
14563,ECE
14565,ECE
14566,ECE
14567,EEE
14577,ECE
14587,ECE
14589,EEE
14592,EEE
14597,EEE
14599,EEE
14601,EEE
14604,EEE
14611,EEE
14622,CSE
14625,ECE
14626,EEE
14632,EEE
14634,EEE
14637,EEE
14649,EEE
14655,EEE
14660,CSE
14661,CSE
14666,ECE
14667,EEE
14672,ECE
14679,CSE
14686,ECE
14688,CSE
14692,ECE
14704,EEE
14712,EEE
14714,ECE
14721,EEE
14722,EEE
14726,EEE
14727,EEE
14730,ECE
14743,ECE
14749,EEE
14752,EEE
14760,EEE
14761,EEE
14766,EEE
14769,CSE
14770,ECE
14772,EEE
14780,CSE
14792,CSE
14795,CSE
14802,EEE
14804,ECE
14808,ECE
14819,CSE
14823,CSE
14828,EEE
14842,ECE
14846,EEE
14847,ECE
14894,EEE
14902,EEE
14906,CSE
14909,EEE
14912,ECE
14914,EEE
14917,CSE
14924,ECE
14926,EEE
14935,EEE
14941,ECE
14948,EEE
14955,EEE
14964,EEE
14965,EEE
14966,EEE
14975,ECE
14987,CSE
14992,ECE
14995,EEE
15001,ECE
15005,ECE
15006,CSE
15015,EEE
15019,EEE
15024,ECE
15026,ECE
15028,ECE
15042,ECE
15048,ECE
15054,CSE
15058,CSE
15067,ECE
15070,ECE
15088,ECE
15102,ECE
15111,EEE
15113,EEE
15121,ECE
15129,ECE
15138,ECE
15140,ECE
15141,ECE
15142,ECE
15144,EEE
15148,ECE
15152,EEE
15161,EEE
15166,EEE
15172,ECE
15175,EEE
15177,EEE
15179,CSE
15180,CSE
15182,EEE
15184,EEE
15187,ECE
15190,CSE
15200,CSE
15203,ECE
15207,ECE
15213,EEE
15214,EEE
15224,ECE
15227,EEE
15230,ECE
15238,ECE
15241,CSE
15244,CSE
15248,ECE
15251,EEE
15261,ECE
15270,ECE
15271,ECE
15272,CSE
15277,CSE
15288,EEE
15289,ECE
15296,EEE
15298,ECE
15300,ECE
15304,CSE
15305,EEE
15306,EEE
15308,ECE
15309,ECE
15326,EEE
15327,EEE
15329,CSE
15335,EEE
15343,EEE
15347,ECE
15355,CSE
15358,ECE
15367,EEE
15369,EEE
15381,ECE
15384,EEE
15386,CSE
15390,EEE
15391,CSE
15392,EEE
15397,ECE
15404,ECE
15420,ECE
15429,EEE
15430,CSE
15432,CSE
15437,EEE
15438,EEE
15440,ECE
15455,EEE
15456,ECE
15466,EEE
15467,EEE
15472,EEE
15478,ECE
15479,ECE
15480,ECE
15481,EEE
15483,ECE
15485,ECE
15487,ECE
15492,ECE
15495,ECE
15502,ECE
15507,ECE
15508,ECE
15518,CSE
15520,ECE
15522,CSE
15523,ECE
15530,CSE
15534,CSE
15536,EEE
15538,EEE
15539,ECE
15555,ECE
15562,EEE
15565,EEE
15570,ECE
15575,ECE
15577,ECE
15582,EEE
15596,EEE
15597,ECE
15599,EEE
15600,ECE
15603,CSE
15604,ECE
15606,EEE
15607,EEE
15610,CSE
15613,ECE
15614,CSE
15617,EEE
15619,EEE
15629,ECE
15630,ECE
15632,EEE
15639,CSE
15651,EEE
15654,EEE
15655,ECE
15663,CSE
15667,EEE
15668,EEE
15669,ECE
15671,EEE
15672,ECE
15676,ECE
15677,EEE
15682,ECE
15683,EEE
15691,ECE
15702,CSE
15710,EEE
15711,ECE
15712,ECE
15714,CSE
15719,EEE
15721,EEE
15725,EEE
15726,EEE
15729,CSE
15734,EEE
15741,EEE
15745,ECE
15747,CSE
15750,ECE
15775,EEE
15776,CSE
15779,ECE
15784,EEE
15787,EEE
15788,EEE
15798,ECE
15801,ECE
15810,ECE
15817,EEE
15819,EEE
15824,EEE
15828,EEE
15835,ECE
15839,CSE
15841,EEE
15842,EEE
15857,ECE
15858,EEE
15859,EEE
15866,EEE
15872,CSE
15875,ECE
15881,EEE
15884,CSE
15886,ECE
15888,EEE
15893,EEE
15898,EEE
15899,EEE
15907,EEE
15908,EEE
15911,ECE
15913,ECE
15914,EEE
15915,CSE
15916,ECE
15918,CSE
15919,CSE
15920,ECE
15924,EEE
15933,ECE
15937,EEE
15943,ECE
15948,ECE
15949,ECE
15952,ECE
15962,ECE
15971,CSE
15981,ECE
15984,CSE
15985,ECE
15988,EEE
16002,ECE
16004,ECE
16006,EEE
16013,ECE
16014,CSE
16023,CSE
16027,CSE
16029,CSE
16050,EEE
16052,ECE
16056,ECE
16057,ECE
16067,ECE
16074,ECE
16085,EEE
16088,ECE
16105,ECE
16108,ECE
16128,EEE
16130,EEE
16131,ECE
16142,EEE
16146,ECE
16148,EEE
16153,EEE
16155,EEE
16158,EEE
16165,CSE
16174,CSE
16180,EEE
16185,EEE
16206,CSE
16214,ECE
16219,EEE
16229,CSE
16239,ECE
16241,ECE
16249,EEE
16251,ECE
16252,ECE
16254,ECE
16257,ECE
16258,EEE
16259,EEE
16270,CSE
16273,EEE
16277,EEE
16286,EEE
16288,EEE
16289,ECE
16290,CSE
16294,CSE
16296,ECE
16298,EEE
16303,CSE
16304,ECE
16316,ECE
16317,EEE
16318,ECE
16325,ECE
16330,CSE
16333,EEE
16334,CSE
16339,EEE
16348,ECE
16352,EEE
16357,EEE
16361,EEE
16362,EEE
16386,EEE
16391,ECE
16398,ECE
16402,CSE
16409,EEE
16410,ECE
16421,CSE
16432,ECE
16436,CSE
16440,EEE
16441,ECE
16445,ECE
16450,ECE
16460,ECE
16461,ECE
16466,ECE
16499,EEE
16504,EEE
16509,EEE
16513,ECE
16520,EEE
16527,ECE
16529,CSE
16539,EEE
16542,ECE
16545,ECE
16556,ECE
16557,CSE
16561,ECE
16571,EEE
16579,ECE
16582,ECE
16586,EEE
16588,EEE
16591,ECE
16592,EEE
16593,EEE
16605,CSE
16607,ECE
16617,EEE
16637,ECE
16638,EEE
16640,ECE
16645,ECE
16649,CSE
16652,ECE
16660,EEE
16671,EEE
16675,ECE
16676,EEE
16682,ECE
16683,ECE
16684,ECE
16685,EEE
16690,EEE
16695,CSE
16702,EEE
16713,EEE
16717,ECE
16727,CSE
16735,ECE
16740,ECE
16741,ECE
16746,EEE
16748,ECE
16753,EEE
16755,ECE
16757,EEE
16778,EEE
16786,EEE
16790,EEE
16796,ECE
16798,ECE
16799,CSE
16802,ECE
16810,EEE
16822,ECE
16828,EEE
16832,EEE
16840,ECE
16846,ECE
16858,ECE
16859,ECE
16867,EEE
16871,EEE
16882,EEE
16894,EEE
16897,ECE
16900,EEE
16904,ECE
16912,CSE
16914,EEE
16923,EEE
16925,ECE
16928,EEE
16929,CSE
16933,EEE
16942,EEE
16943,CSE
16944,EEE
16954,EEE
16960,CSE
16983,ECE
16985,CSE
16987,CSE
16988,EEE
16989,ECE
16996,ECE
17004,ECE
17008,ECE
17011,ECE
17018,EEE
17019,EEE
17021,ECE
17022,EEE
17026,ECE
17030,ECE
17033,CSE
17034,ECE
17044,ECE
17045,ECE
17047,ECE
17052,EEE
17055,EEE
17058,ECE
17062,ECE
17069,ECE
17072,ECE
17073,EEE
17077,EEE
17085,ECE
17086,CSE
17087,EEE
17091,ECE
17093,CSE
17096,EEE
17106,CSE
17115,ECE
17116,ECE
17118,EEE
17120,CSE
17123,EEE
17126,EEE
17130,CSE
17132,ECE
17146,EEE
17156,CSE
17159,EEE
17163,CSE
17165,ECE
17170,EEE
17175,EEE
17178,EEE
17183,CSE
17185,EEE
17187,ECE
17210,EEE
17218,ECE
17219,EEE
17224,ECE
17225,EEE
17227,ECE
17232,EEE
17249,ECE
17252,EEE
17256,CSE
17260,ECE
17265,CSE
17268,ECE
17272,EEE
17275,EEE
17277,ECE
17286,ECE
17290,CSE
17292,ECE
17293,CSE
17302,EEE
17303,CSE
17304,ECE
17308,ECE
17312,EEE
17313,CSE
17315,EEE
17326,CSE
17335,ECE
17336,ECE
17338,CSE
17340,EEE
17341,EEE
17342,ECE
17349,CSE
17350,EEE
17353,CSE
17355,ECE
17357,EEE
17359,EEE
17360,CSE
17363,CSE
17371,CSE
17379,EEE
17381,EEE
17392,ECE
17399,ECE
17401,ECE
17402,ECE
17404,ECE
17406,ECE
17411,ECE
17417,ECE
17422,EEE
17432,EEE
17434,ECE
17450,ECE
17452,EEE
17457,EEE
17462,CSE
17469,CSE
17473,ECE
17478,ECE
17485,ECE
17497,EEE
17501,EEE
17502,EEE
17503,ECE
17516,ECE
17530,ECE
17531,EEE
17533,ECE
17535,EEE
17536,CSE
17538,ECE
17550,EEE
17551,CSE
17552,EEE
17553,CSE
17554,ECE
17558,ECE
17560,EEE
17564,CSE
17567,ECE
17574,ECE
17579,EEE
17581,EEE
17582,ECE
17594,CSE
17595,EEE
17596,ECE
17598,ECE
17599,EEE
17605,EEE
17612,CSE
17613,EEE
17621,CSE
17623,CSE
17625,EEE
17636,EEE
17651,ECE
17657,ECE
17663,CSE
17672,CSE
17673,CSE
17675,EEE
17681,ECE
17690,CSE
17693,CSE
17696,EEE
17707,ECE
17713,ECE
17717,ECE
17726,EEE
17727,EEE
17730,ECE
17731,EEE
17740,CSE
17742,CSE
17749,EEE
17762,ECE
17763,EEE
17766,ECE
17769,ECE
17781,EEE
17794,CSE
17800,ECE
17801,EEE
17805,ECE
17812,ECE
17813,EEE
17816,EEE
17817,ECE
17820,EEE
17822,ECE
17828,ECE
17830,ECE
17832,EEE
17839,EEE
17840,ECE
17843,EEE
17845,CSE
17846,ECE
17854,EEE
17855,EEE
17856,EEE
17857,EEE
17868,ECE
17876,ECE
17879,CSE
17881,CSE
17883,EEE
17892,ECE
17893,EEE
17897,EEE
17907,EEE
17908,EEE
17911,CSE
17912,CSE
17923,ECE
17924,ECE
17927,EEE
17937,CSE
17939,ECE
17945,ECE
17949,ECE
17957,ECE
17961,ECE
17962,ECE
17965,ECE
17969,ECE
17970,CSE
17977,EEE
17982,ECE
17985,CSE
17986,EEE
17988,EEE
17989,ECE
17990,ECE
17996,EEE
17998,CSE
18000,EEE
18008,ECE
18011,CSE
18013,ECE
18016,ECE
18025,ECE
18030,ECE
18052,EEE
18061,EEE
18067,ECE
18072,EEE
18074,ECE
18076,ECE
18082,EEE
18090,ECE
18096,ECE
18098,EEE
18100,EEE
18101,EEE
18103,CSE
18105,EEE
18108,CSE
18125,CSE
18131,CSE
18132,EEE
18141,EEE
18151,EEE
18158,EEE
18169,ECE
18170,EEE
18176,EEE
18178,ECE
18182,ECE
18195,CSE
18201,ECE
18206,EEE
18208,EEE
18211,ECE
18218,CSE
18222,EEE
18223,ECE
18227,ECE
18229,ECE
18237,CSE
18240,EEE
18249,EEE
18259,ECE
18263,CSE
18271,EEE
18272,EEE
18276,EEE
18279,EEE
18280,CSE
18281,ECE
18288,ECE
18293,EEE
18295,EEE
18298,ECE
18299,ECE
18303,ECE
18305,EEE
18309,EEE
18310,EEE
18316,ECE
18320,EEE
18324,ECE
18334,EEE
18339,EEE
18340,ECE
18349,ECE
18350,CSE
18352,EEE
18355,CSE
18356,EEE
18357,EEE
18365,CSE
18370,CSE
18372,ECE
18374,ECE
18375,ECE
18399,ECE
18401,ECE
18410,ECE
18416,ECE
18425,EEE
18430,ECE
18432,EEE
18442,CSE
18453,CSE
18458,CSE
18459,EEE
18463,ECE
18469,EEE
18477,CSE
18486,ECE
18496,ECE
18499,CSE
18504,ECE
18506,ECE
18519,ECE
18531,CSE
18532,EEE
18539,EEE
18540,EEE
18543,ECE
18549,ECE
18552,EEE
18558,ECE
18559,EEE
18561,EEE
18564,EEE
18574,CSE
18586,EEE
18591,EEE
18593,ECE
18595,CSE
18598,ECE
18605,ECE
18607,ECE
18608,EEE
18613,ECE
18617,EEE
18618,EEE
18625,ECE
18628,EEE
18630,CSE
18632,EEE
18638,CSE
18643,EEE
18652,ECE
18653,EEE
18654,ECE
18655,CSE
18657,EEE
18659,EEE
18665,EEE
18671,EEE
18672,ECE
18674,EEE
18685,CSE
18694,CSE
18699,EEE
18700,ECE
18702,EEE
18704,ECE
18707,CSE
18708,CSE
18709,EEE
18712,ECE
18715,EEE
18717,EEE
18719,EEE
18728,EEE
18733,ECE
18734,EEE
18735,CSE
18736,EEE
18747,ECE
18750,EEE
18770,EEE
18774,EEE
18777,EEE
18787,EEE
18789,EEE
18791,CSE
18795,CSE
18796,ECE
18797,ECE
18799,ECE
18801,EEE
18808,EEE
18814,EEE
18823,ECE
18830,EEE
18842,ECE
18853,ECE
18865,EEE
18869,EEE
18870,EEE
18872,EEE
18879,CSE
18884,CSE
18889,EEE
18893,CSE
18900,ECE
18903,EEE
18905,EEE
18906,ECE
18908,EEE
18912,EEE
18913,ECE
18915,CSE
18918,EEE
18921,ECE
18929,EEE
18930,EEE
18932,ECE
18942,ECE
18955,EEE
18957,ECE
18958,EEE
18960,ECE
18963,ECE
18966,CSE
18983,CSE
18999,CSE
19002,EEE
19013,CSE
19016,EEE
19076,EEE
19077,ECE
19084,EEE
19092,CSE
19105,ECE
19123,CSE
19125,CSE
19128,ECE
19135,ECE
19149,CSE
19157,CSE
19162,ECE
19164,ECE
19167,ECE
19168,EEE
19172,EEE
19180,CSE
19182,EEE
19184,EEE
19187,ECE
19196,ECE
19215,EEE
19217,CSE
19221,CSE
19226,ECE
19233,ECE
19234,EEE
19239,ECE
19240,ECE
19241,CSE
19247,ECE
19268,ECE
19274,EEE
19284,ECE
19285,EEE
19301,ECE
19302,ECE
19303,EEE
19304,EEE
19308,ECE
19318,CSE
19320,ECE
19322,EEE
19330,EEE
19331,EEE
19334,EEE
19338,ECE
19345,EEE
19346,ECE
19347,EEE
19353,ECE
19356,CSE
19364,CSE
19366,ECE
19371,CSE
19374,ECE
19376,ECE
19385,EEE
19395,CSE
19402,EEE
19406,EEE
19411,CSE
19414,ECE
19429,ECE
19432,ECE
19434,EEE
19436,ECE
19439,EEE
19441,ECE
19445,ECE
19454,ECE
19457,EEE
19458,EEE
19469,CSE
19473,ECE
19476,ECE
19477,ECE
19478,CSE
19480,ECE
19484,ECE
19487,ECE
19491,ECE
19497,ECE
19506,EEE
19508,CSE
19510,EEE
19511,EEE
19512,EEE
19518,EEE
19520,ECE
19524,ECE
19530,EEE
19532,EEE
19539,CSE
19542,ECE
19543,EEE
19546,ECE
19553,CSE
19557,ECE
19570,ECE
19575,CSE
19586,ECE
19589,ECE
19606,EEE
19617,CSE
19626,ECE
19635,EEE
19636,CSE
19640,EEE
19646,ECE
19649,ECE
19651,ECE
19653,ECE
19655,EEE
19659,EEE
19662,ECE
19674,CSE
19676,CSE
19693,ECE
19700,ECE
19704,ECE
19708,ECE
19710,EEE
19715,CSE
